{
  "angle": {
    "9,13,9,15": [
      178,
      180
    ],
    "17,15,17,19": [
      85,
      95
    ]
  },
  "distance": {
    "5-0-y": [
      124.27328636506901,
      130.273286365069
    ],
    "9-15-r": [
      140.76103326837062,
      146.76103326837062
    ],
    "0-5-y": [
      -109.602783203125,
      -103.602783203125
    ]
  }
}