{
  "angle": {
    "17,15,17,19": [
      178,
      180
    ]
  },
  "distance": {
    "15-19-y": [
      0,
      5
    ],
    "15-19-x": [
      218.0330282183797,
      218.0330282183797
    ],
    "5-9-y": [
      342.87961920008115,
      344.87961920008115
    ],
    "13-9-x": [
      0,
      5
    ]
  }
}