{
  "angle": {
    "11,9,11,13": [
      178,
      180
    ],
    "15,17,15,9": [
      85,
      95
    ]
  },
  "distance": {
    "9-13-r": [
      327.24877823436293,
      333.24877823436293
    ],
    "8-15-r": [
      194.11821405710978,
      198.11821405710978
    ]
  }
}