{
  "distance": {
    "20-19-x": [
      200,
      200
    ],
    "20-19-x-19-15": [
      -123.338623046875,
      76.661376953125
    ]
  }
}